participant_id,post_study_survey_hansel_first_form_responses_1__Which interface did you prefer overall?,post_study_survey_hansel_first_form_responses_1__Which interface made it easier for you to verify whether the agent’s answer was correct?,post_study_survey_hansel_first_form_responses_1__The information provided by the interface helped me understand how the agent arrived at the answer.,post_study_survey_hansel_first_form_responses_1__The information provided by the interface made it easy to verify the agent’s response.,"post_study_survey_hansel_first_form_responses_1__The information provided by the interface helped me identify potential problems in the agent’s response (e.g., using incorrect information or missing important sorting steps).","post_study_survey_hansel_first_form_responses_1__When the agent’s response was wrong, the information provided by the interface helped me revise it.",post_study_survey_hansel_first_form_responses_1__The interface was easy to learn and use.,post_study_survey_hansel_first_form_responses_1__The information provided by the interface helped me understand how the agent arrived at the answer.__2,post_study_survey_hansel_first_form_responses_1__The information provided by the interface made it easy to verify the agent’s response.__2,"post_study_survey_hansel_first_form_responses_1__The information provided by the interface helped me identify where the agent went wrong (e.g., using incorrect information or missing important steps)","post_study_survey_hansel_first_form_responses_1__When the agent’s response was wrong, the information provided by the interface helped me revise it.__2",post_study_survey_hansel_first_form_responses_1__The interface was easy to learn and use.__2,"post_study_survey_hansel_first_form_responses_1__For both interface A and B, viewing the step-by-step trajectory (e.g., show 22 steps)","post_study_survey_hansel_first_form_responses_1__For interface A, viewing the evidence pages with short title","post_study_survey_hansel_first_form_responses_1__For interface A, interacting with the evidence pages directly (e.g., clicking, scrolling)","post_study_survey_hansel_first_form_responses_1__For interface A, seeing highlighted information on the pages (e.g., ""Global Gas Station"", ""4.3"")","post_study_survey_hansel_first_form_responses_1__For interface B, viewing the source links","pre_study_survey__How good are you at completing tasks on websites (e.g., searching for products or finding places)?","pre_study_survey__How often do you use conversational AI tools (e.g., ChatGPT, Claude, Gemini)?",pre_study_survey__How often do you use the agent mode in these AI tools that can automatically browse websites and complete tasks?,schedule_of_study_sheet1__Completed,schedule_of_study_sheet1__Group,schedule_of_study_sheet1__gender,schedule_of_study_sheet1__> 18 years,schedule_of_study_sheet1__Description,schedule_of_study_sheet1__used AI,schedule_of_study_sheet1__used agent,task_response_form__Group,task_response_form__What's your answer? (Enter the price),task_response_form__How confident are you in your answer?,task_response_form__How much effort did you need to complete the task?,task_response_form__What's your answer? (Enter the first word of the discussion title),task_response_form__How confident are you in your answer?__2,task_response_form__How much effort did you need to complete the task?__2,task_response_form__What's your answer? (Enter the product name and the price),task_response_form__How confident are you in your answer?__3,task_response_form__How much effort did you need to complete the task?__3,task_response_form__What's your answer? (Enter the price)__2,task_response_form__How confident are you in your answer?__4,task_response_form__How much effort did you need to complete the task?__4,task_response_form__What's your answer? (Enter the number),task_response_form__How confident are you in your answer?__5,task_response_form__How much effort did you need to complete the task?__5,task_response_form__What's your answer? (Enter the apartment name),task_response_form__How confident are you in your answer?__6,task_response_form__How much effort did you need to complete the task?__6,task_response_form__What's your answer?  (Enter the first word of the post title),task_response_form__How confident are you in your answer?__7,task_response_form__How much effort did you need to complete the task?__7,task_response_form__What's your answer? (Enter the team),task_response_form__How confident are you in your answer?__8,task_response_form__How much effort did you need to complete the task?__8
1,A - with interactive evidence pages,A - with interactive evidence pages,5,5,5,5,5,2,3,3,2,3,4,4,5,5,5,Moderate good,Multiple times a day,Weekly,TRUE,A,Female,yes,Phd in Computer Science,yes,yes,A,61,7,2,The banter thread,6,2,69.99,6,2,345,6,2,779,6,1,Manchester Place Apartment,5,2,It's on prime video,7,1,New England Patriots,7,3
2,B - with interactive evidence pages,B - with interactive evidence pages,5,5,5,5,5,4,2,2,2,2,2,5,5,5,2,Moderate good,Weekly,Rarely,TRUE,B,Female,Yes,Student in law school,Yes,No,B,61,4,7,the banter,6,3,flybird 69.99,5,3,345,6,2,779,2,5,14229,6,5,It‘s,5,5,New England,5,2
3,A - with interactive evidence pages,A - with interactive evidence pages,5,4,5,4,5,2,1,3,3,3,4,5,5,3,2,Moderate good,Daily,Rarely,TRUE,A,male,Yes,Electrical Engineering,Yes,No,A,61,7,7,"""Welcome to the new and improved Discourse!""",6,2,Utility Bench - $299.99,5,2,$345,5,4,779,7,1,10 Ferris St,7,1,Anyone,7,2,New England Patriots,7,2
4,B - with interactive evidence pages,B - with interactive evidence pages,5,4,4,4,5,4,3,4,2,2,4,5,4,5,3,Extremely good,Multiple times a day,Multiple times a day,TRUE,B,Male,Yes,Student -- Major: Privacy Engineering,Yes,Yes,B,61,7,5,Stream,7,3,Nordic Track -- Treadmill Mat - Black,3,5,265,5,4,1000,1,7,10 Ferris St,7,2,It‘s,6,3,New England Patriots,7,1
5,A - with interactive evidence pages,A - with interactive evidence pages,3,5,4,5,5,2,3,1,2,1,2,4,5,4,2,Somewhat good,Multiple times a day,Never,TRUE,A,Female,Yes,Marketing student,Yes,No,A,61,4,6,Welcome,2,2,NordicTrack - Treadmill Mat - Black $69.99,5,2,more than 345 but don't know exact,3,5,779,7,3,Manchester Place Apartments,2,6,It's,7,1,New England Patriots,2,7
6,B - with interactive evidence pages,B - with interactive evidence pages,4,4,4,5,4,4,2,2,4,3,4,4,5,5,4,Moderate good,Multiple times a day,Monthly,TRUE,B,Female,Yes,student; cognitive sciences,Yes,Yes,B,61,6,4,t,5,3,Treadmill Mat - Black; $69.99,6,3,$345,5,3,779,6,3,Friendship Meadows LDHA,5,4,It's,5,3,New England Patriots,6,2
7,A - with interactive evidence pages,A - with interactive evidence pages,5,3,5,4,5,2,2,1,3,5,1,4,4,5,5,Extremely good,Weekly,Never,TRUE,A,Male,Yes,Studying for Business Administration with concentration in accounting,Yes,No,A,$61,6,6,The Banter Thread,6,7,NordicTrack - Treadmill Mat - Black. $69.99,7,5,$345,5,7,1024 (all languages),7,7,Highland Park,4,7,Season 3- Vasectomy,7,6,New England Patriots,7,6
8,A - with interactive evidence pages,A - with interactive evidence pages,5,5,4,4,5,4,4,3,3,4,4,5,5,5,4,Moderate good,Multiple times a day,Daily,TRUE,A,Female,Yes,Student in Economics,Yes,Yes,A,61,7,3,The banter Thread,5,5,NordicTrack- Treadmill Mat-Black 69.99dollars,7,1,345,7,4,779,7,2,Manchester Place Apartments,2,6,It's,7,4,New England Patriots,5,2
9,A - with interactive evidence pages,A - with interactive evidence pages,5,5,2,2,5,4,2,4,2,2,5,5,5,5,2,Moderate good,Multiple times a day,Never,TRUE,A,Female,Yes,HCI,Yes,No,A,61,7,1,The,5,3,"NordicTrack-Treadmill Mat-Black, $69.99",7,1,265,5,3,780,6,3,Manchester Place Apartments,5,1,It's,6,1,New England Patriots,6,5
10,A - with interactive evidence pages,A - with interactive evidence pages,4,4,4,3,4,3,3,3,3,4,4,4,4,5,3,Slightly good,Daily,Never,TRUE,A,Male,Yes,computer science,Yes,No,A,$61,6,3,The discussions with the most replies has 5.5k replies,5,5,$69.99,6,3,$345,6,3,780,6,2,"Should be lower than $500, rather than 750 given by the agent",5,6,Anyone,6,3,1,6,3
11,B - with interactive evidence pages,B - with interactive evidence pages,5,5,4,4,5,3,1,2,2,2,2,5,5,5,2,Somewhat good,Multiple times a day,Weekly,TRUE,B,Male,Yes,PhD candidate in software engineering,Yes,No,B,61,3,6,Welcome,6,2,69.99,6,6,345,6,4,780,2,6,725,7,2,It's,7,3,New England Patriots,6,2
12,B - with interactive evidence pages,B - with interactive evidence pages,4,4,4,4,4,4,4,4,4,4,3,4,4,5,4,Somewhat good,Multiple times a day,Weekly,TRUE,B,Female,Yes,Law,Yes,Yes,B,780,5,6,Welcome,5,3,599,5,6,345,6,4,1,6,5,Manchester Place Apartment,6,5,It's,6,5,New England Patriots,5,4
13,B - with interactive evidence pages,B - with interactive evidence pages,4,4,2,2,4,3,3,2,2,4,4,4,4,5,4,Somewhat good,Weekly,Never,TRUE,B,Female,Yes,Informatics Student,Yes,No,B,61,6,4,The Banter Thread,2,6,"NordicTrack Treadmill Mat - Black, $69.99",6,2,$345,6,4,780,2,7,$725,2,6,Its on prime video..,6,2,New England Patriots,7,1
14,B - with interactive evidence pages,B - with interactive evidence pages,4,5,4,4,5,2,1,2,1,2,4,4,5,5,2,Extremely good,Multiple times a day,Multiple times a day,TRUE,B,Male,Yes,Student in journalism&communication,Yes,Yes,B,61,5,7,The,6,2,69.99,4,6,345,6,2,780,1,7,464,6,1,It,2,5,New England Patriots,7,1
